{"data_time": 0.0036921109999639157, "eta_seconds": 161.89209749999463, "fast_rcnn/cls_accuracy": 0.91796875, "fast_rcnn/false_negative": 1.0, "fast_rcnn/fg_cls_accuracy": 0.0, "iteration": 19, "loss_box_reg": 0.0005100166308693588, "loss_cls": 0.5689404904842377, "loss_mask": 0.6848550736904144, "loss_rpn_cls": 0.09388609230518341, "loss_rpn_loc": 0.00805058074183762, "lr": 6.427e-05, "mask_rcnn/accuracy": 0.7592930029154519, "mask_rcnn/false_negative": 0.0, "mask_rcnn/false_positive": 0.2823529411764706, "roi_head/num_bg_samples": 127.0, "roi_head/num_fg_samples": 1.0, "rpn/num_neg_anchors": 252.0, "rpn/num_pos_anchors": 4.0, "time": 0.5781860624999808, "total_loss": 1.3482976415834855}
{"data_time": 0.0035333435000666213, "eta_seconds": 152.21786085999497, "fast_rcnn/cls_accuracy": 0.96875, "fast_rcnn/false_negative": 1.0, "fast_rcnn/fg_cls_accuracy": 0.0, "iteration": 39, "loss_box_reg": 0.06736082956194878, "loss_cls": 0.22327830642461777, "loss_mask": 0.5665895640850067, "loss_rpn_cls": 0.02437326591461897, "loss_rpn_loc": 0.005771665368229151, "lr": 0.00013087000000000003, "mask_rcnn/accuracy": 0.7344387755102041, "mask_rcnn/false_negative": 0.0, "mask_rcnn/false_positive": 0.8772130411690968, "roi_head/num_bg_samples": 124.0, "roi_head/num_fg_samples": 4.0, "rpn/num_neg_anchors": 252.0, "rpn/num_pos_anchors": 4.0, "time": 0.5873033574999909, "total_loss": 0.9470231480663642}
{"data_time": 0.0033009514999662315, "eta_seconds": 136.0651427999892, "fast_rcnn/cls_accuracy": 0.9296875, "fast_rcnn/false_negative": 1.0, "fast_rcnn/fg_cls_accuracy": 0.0, "iteration": 59, "loss_box_reg": 0.23753495514392853, "loss_cls": 0.1879393309354782, "loss_mask": 0.44919241964817047, "loss_rpn_cls": 0.019281652756035328, "loss_rpn_loc": 0.0056460953783243895, "lr": 0.00019747, "mask_rcnn/accuracy": 0.7452380952380953, "mask_rcnn/false_negative": 0.0, "mask_rcnn/false_positive": 0.6568624056330766, "roi_head/num_bg_samples": 119.0, "roi_head/num_fg_samples": 9.0, "rpn/num_neg_anchors": 250.0, "rpn/num_pos_anchors": 6.0, "time": 0.5481504784999629, "total_loss": 0.901624464080669}
{"data_time": 0.0035674309999649267, "eta_seconds": 125.19800809999538, "fast_rcnn/cls_accuracy": 0.9296875, "fast_rcnn/false_negative": 1.0, "fast_rcnn/fg_cls_accuracy": 0.0, "iteration": 79, "loss_box_reg": 0.3717799782752991, "loss_cls": 0.16530103981494904, "loss_mask": 0.3244728296995163, "loss_rpn_cls": 0.017750676721334457, "loss_rpn_loc": 0.009074849542230368, "lr": 0.00026407, "mask_rcnn/accuracy": 0.8699245323129252, "mask_rcnn/false_negative": 0.0, "mask_rcnn/false_positive": 0.23575625400275585, "roi_head/num_bg_samples": 114.0, "roi_head/num_fg_samples": 14.0, "rpn/num_neg_anchors": 250.0, "rpn/num_pos_anchors": 6.0, "time": 0.6039982865000297, "total_loss": 0.8892560828244314}
{"data_time": 0.003509206500041273, "eta_seconds": 116.0490606000053, "fast_rcnn/cls_accuracy": 0.94921875, "fast_rcnn/false_negative": 0.36602870813397126, "fast_rcnn/fg_cls_accuracy": 0.6339712918660287, "iteration": 99, "loss_box_reg": 0.44177232682704926, "loss_cls": 0.14441252499818802, "loss_mask": 0.1897469311952591, "loss_rpn_cls": 0.014786271844059229, "loss_rpn_loc": 0.005356823559850454, "lr": 0.00033067000000000003, "mask_rcnn/accuracy": 0.938562925170068, "mask_rcnn/false_negative": 0.01577353740144438, "mask_rcnn/false_positive": 0.10104459395943849, "roi_head/num_bg_samples": 111.5, "roi_head/num_fg_samples": 16.5, "rpn/num_neg_anchors": 252.0, "rpn/num_pos_anchors": 4.0, "time": 0.6288822645000209, "total_loss": 0.7982995001366362}
{"data_time": 0.003599956000016391, "eta_seconds": 106.1470444500037, "fast_rcnn/cls_accuracy": 0.96875, "fast_rcnn/false_negative": 0.0, "fast_rcnn/fg_cls_accuracy": 1.0, "iteration": 119, "loss_box_reg": 0.3587303012609482, "loss_cls": 0.10689942538738251, "loss_mask": 0.16905959695577621, "loss_rpn_cls": 0.0070071464870125055, "loss_rpn_loc": 0.006309117656201124, "lr": 0.00039727, "mask_rcnn/accuracy": 0.9408040001714972, "mask_rcnn/false_negative": 0.04098904063196117, "mask_rcnn/false_positive": 0.10335054790793011, "roi_head/num_bg_samples": 110.5, "roi_head/num_fg_samples": 17.5, "rpn/num_neg_anchors": 252.0, "rpn/num_pos_anchors": 4.0, "time": 0.6307715130000133, "total_loss": 0.7098471898352727}
{"data_time": 0.0035705619999930605, "eta_seconds": 94.3529284000033, "fast_rcnn/cls_accuracy": 0.98046875, "fast_rcnn/false_negative": 0.046536796536796536, "fast_rcnn/fg_cls_accuracy": 0.9534632034632035, "iteration": 139, "loss_box_reg": 0.2647814303636551, "loss_cls": 0.06937629356980324, "loss_mask": 0.13251323252916336, "loss_rpn_cls": 0.011884244624525309, "loss_rpn_loc": 0.006287057418376207, "lr": 0.00046387, "mask_rcnn/accuracy": 0.9439725108793517, "mask_rcnn/false_negative": 0.04541023504062913, "mask_rcnn/false_positive": 0.06299085801204445, "roi_head/num_bg_samples": 110.0, "roi_head/num_fg_samples": 18.0, "rpn/num_neg_anchors": 251.0, "rpn/num_pos_anchors": 5.0, "time": 0.5849346404999665, "total_loss": 0.4690675314050168}
{"data_time": 0.00384264849998317, "eta_seconds": 82.78794167000001, "fast_rcnn/cls_accuracy": 0.9921875, "fast_rcnn/false_negative": 0.0, "fast_rcnn/fg_cls_accuracy": 1.0, "iteration": 159, "loss_box_reg": 0.16234664618968964, "loss_cls": 0.03866186365485191, "loss_mask": 0.12321077287197113, "loss_rpn_cls": 0.0017657720018178225, "loss_rpn_loc": 0.006051752949133515, "lr": 0.00053047, "mask_rcnn/accuracy": 0.9526708410636981, "mask_rcnn/false_negative": 0.046945311490179664, "mask_rcnn/false_positive": 0.054781727094406055, "roi_head/num_bg_samples": 113.0, "roi_head/num_fg_samples": 15.0, "rpn/num_neg_anchors": 250.0, "rpn/num_pos_anchors": 6.0, "time": 0.5980592404999925, "total_loss": 0.37077935367415193}
{"data_time": 0.003610959000013736, "eta_seconds": 70.96109286000001, "fast_rcnn/cls_accuracy": 0.984375, "fast_rcnn/false_negative": 0.04583333333333334, "fast_rcnn/fg_cls_accuracy": 0.9541666666666666, "iteration": 179, "loss_box_reg": 0.16988418996334076, "loss_cls": 0.054722752422094345, "loss_mask": 0.125674519687891, "loss_rpn_cls": 0.001785605971235782, "loss_rpn_loc": 0.0028760196873918176, "lr": 0.00059707, "mask_rcnn/accuracy": 0.9478579400510204, "mask_rcnn/false_negative": 0.013843595931238288, "mask_rcnn/false_positive": 0.081264380613078, "roi_head/num_bg_samples": 108.5, "roi_head/num_fg_samples": 19.5, "rpn/num_neg_anchors": 253.0, "rpn/num_pos_anchors": 3.0, "time": 0.5898258044999807, "total_loss": 0.3989615308237262}
{"data_time": 0.003951563500038446, "eta_seconds": 59.314470999999, "fast_rcnn/cls_accuracy": 0.984375, "fast_rcnn/false_negative": 0.0, "fast_rcnn/fg_cls_accuracy": 1.0, "iteration": 199, "loss_box_reg": 0.15952882915735245, "loss_cls": 0.048023397102952003, "loss_mask": 0.13220678642392159, "loss_rpn_cls": 0.0066078598611056805, "loss_rpn_loc": 0.00783162610605359, "lr": 0.00066367, "mask_rcnn/accuracy": 0.9416442401136278, "mask_rcnn/false_negative": 0.046955196000008276, "mask_rcnn/false_positive": 0.06802302163169874, "roi_head/num_bg_samples": 114.0, "roi_head/num_fg_samples": 14.0, "rpn/num_neg_anchors": 247.0, "rpn/num_pos_anchors": 9.0, "time": 0.621258717499984, "total_loss": 0.35499793849885464}
{"data_time": 0.003850880500067433, "eta_seconds": 47.740086959997825, "fast_rcnn/cls_accuracy": 0.9921875, "fast_rcnn/false_negative": 0.0, "fast_rcnn/fg_cls_accuracy": 1.0, "iteration": 219, "loss_box_reg": 0.15106283873319626, "loss_cls": 0.034890687093138695, "loss_mask": 0.10518539696931839, "loss_rpn_cls": 0.003845489933155477, "loss_rpn_loc": 0.003083237912505865, "lr": 0.00073027, "mask_rcnn/accuracy": 0.9542765022675737, "mask_rcnn/false_negative": 0.024866848718718228, "mask_rcnn/false_positive": 0.06416336468162, "roi_head/num_bg_samples": 112.0, "roi_head/num_fg_samples": 16.0, "rpn/num_neg_anchors": 252.5, "rpn/num_pos_anchors": 3.5, "time": 0.6515622980000444, "total_loss": 0.35739593114703894}
{"data_time": 0.003741138000009414, "eta_seconds": 35.925626970002895,